# Atoms of C, N, P and S per mmol of each exchanged metabolite, read off the
# roster GEMs' own metabolite formulas (cobra `metabolite.elements`), 444/444
# covered. Used by `cfs.compose.dfba` for the §8.6g(2) secretion bound `E z <= 0`.
# An exchange absent from this table is left unconstrained, so a new GEM
# degrades quietly rather than failing -- `dfba` logs the coverage.
# Regenerate: `20hm_bands/element_bound.py` writes `element_matrix.npz`.
exchange_id,C,N,P,S
EX_12ppd__R_e,3,0,0,0
EX_12ppd__S_e,3,0,0,0
EX_13ppd_e,3,0,0,0
EX_14glucan_e,36,0,0,0
EX_15dap_e,5,2,0,0
EX_23camp_e,10,5,1,0
EX_23ccmp_e,9,3,1,0
EX_23cgmp_e,10,5,1,0
EX_23cump_e,9,2,1,0
EX_23dhbzs3_e,30,3,0,0
EX_25dkglcn_e,6,0,0,0
EX_26dap__M_e,7,2,0,0
EX_2ameph_e,2,1,1,0
EX_2ddglcn_e,6,0,0,0
EX_2h3mb_e,5,0,0,0
EX_2h3mp_e,6,0,0,0
EX_2hxmp_e,7,0,0,0
EX_2m35mdntha_e,0,1,0,0
EX_2mba_e,5,0,0,0
EX_2mbald_e,5,0,0,0
EX_2mpa_e,4,0,0,0
EX_2obut_e,4,0,0,0
EX_2pg_e,3,0,1,0
EX_2pglyc_e,2,0,1,0
EX_35dnta_e,0,1,0,0
EX_3amp_e,10,5,1,0
EX_3cmp_e,9,3,1,0
EX_3gmp_e,10,5,1,0
EX_3mb_e,5,0,0,0
EX_3mba_e,5,0,0,0
EX_3pg_e,3,0,1,0
EX_3ump_e,9,2,1,0
EX_4abut_e,4,1,0,0
EX_4abz_e,7,1,0,0
EX_4abzglu_e,12,2,0,0
EX_4ahmmp_e,6,3,0,0
EX_4crsol_e,7,0,0,0
EX_4hba_e,7,0,0,0
EX_4hbald_e,7,0,0,0
EX_4hbz_e,7,0,0,0
EX_4hpro_LT_e,5,1,0,0
EX_5dglcn_e,6,0,0,0
EX_5drib_e,5,0,0,0
EX_5mcsn_e,5,3,0,0
EX_5mdru1p_e,6,0,1,1
EX_5mtr_e,6,0,0,1
EX_6pgc_e,6,0,1,0
EX_LalaDgluMdapDala_e,18,5,0,0
EX_LalaDgluMdap_e,15,4,0,0
EX_LalaDglu_e,8,2,0,0
EX_LalaLglu_e,8,2,0,0
EX_Larab_e,15,0,0,0
EX_Lcyst_e,3,1,0,1
EX_R3hdec4e_e,10,0,0,0
EX_R_3hcmrs7e_e,14,0,0,0
EX_R_3hdcaa_e,10,0,0,0
EX_R_3hhdca_e,16,0,0,0
EX_R_3hphxa_e,12,0,0,0
EX_R_3httdca_e,14,0,0,0
EX_abg4_e,12,2,0,0
EX_abt__L_e,5,0,0,0
EX_abt_e,5,0,0,0
EX_ac_e,2,0,0,0
EX_acac_e,4,0,0,0
EX_acald_e,2,0,0,0
EX_acgam1p_e,8,1,1,0
EX_acgam_e,8,1,0,0
EX_acglu_e,7,1,0,0
EX_acmana_e,8,1,0,0
EX_acmum_e,11,1,0,0
EX_acnam_e,11,1,0,0
EX_acon_C_e,6,0,0,0
EX_actn__R_e,4,0,0,0
EX_ad_e,2,1,0,0
EX_ade_e,5,5,0,0
EX_adn_e,10,5,0,0
EX_agm_e,5,4,0,0
EX_akg_e,5,0,0,0
EX_ala_B_e,3,1,0,0
EX_ala_L_asp__L_e,7,2,0,0
EX_ala_L_glu__L_e,8,2,0,0
EX_ala_L_thr__L_e,7,2,0,0
EX_ala__D_e,3,1,0,0
EX_ala__L_e,3,1,0,0
EX_ala_gln_e,8,3,0,0
EX_ala_his_e,9,4,0,0
EX_ala_leu_e,9,2,0,0
EX_alaala_e,6,2,0,0
EX_alagly_e,5,2,0,0
EX_alltn_e,4,4,0,0
EX_amp_e,10,5,1,0
EX_anhgm_e,19,2,0,0
EX_apc_e,16,3,0,1
EX_arab__D_e,5,0,0,0
EX_arab__L_e,5,0,0,0
EX_araban__L_e,15,0,0,0
EX_arbt6p_e,12,0,1,0
EX_arbt_e,12,0,0,0
EX_arg__L_e,6,4,0,0
EX_argp_e,6,4,1,0
EX_ascb__L_e,6,0,0,0
EX_asn__L_e,4,2,0,0
EX_aso3_e,0,0,0,0
EX_aso4_e,0,0,0,0
EX_asp__D_e,4,1,0,0
EX_asp__L_e,4,1,0,0
EX_balaala_e,6,2,0,0
EX_balabala_e,6,2,0,0
EX_balagly_e,5,2,0,0
EX_balaleu_e,9,2,0,0
EX_balamd_e,3,2,0,0
EX_bhb_e,4,0,0,0
EX_biliverd_e,33,4,0,0
EX_btn_e,10,2,0,1
EX_but_e,4,0,0,0
EX_bz_e,7,0,0,0
EX_bzal_e,7,0,0,0
EX_ca2_e,0,0,0,0
EX_carn_e,9,4,0,0
EX_cd2_e,0,0,0,0
EX_cell4_e,24,0,0,0
EX_cellb_e,12,0,0,0
EX_cgly_e,5,2,0,1
EX_ch4s_e,1,0,0,1
EX_chol_e,5,1,0,0
EX_chols_e,5,1,0,1
EX_chtbs_e,16,2,0,0
EX_cinnm_e,9,0,0,0
EX_cit_e,6,0,0,0
EX_cl_e,0,0,0,0
EX_cm_e,11,2,0,0
EX_cmcbtt_e,33,5,0,0
EX_cmp_e,9,3,1,0
EX_co2_e,1,0,0,0
EX_co_e,1,0,0,0
EX_coa_e,21,7,3,1
EX_cobalt2_e,0,0,0,0
EX_cpgn_e,35,6,0,0
EX_cpgn_un_e,35,6,0,0
EX_creat_e,4,3,0,0
EX_crn_e,7,1,0,0
EX_cro4_e,0,0,0,0
EX_csn_e,4,3,0,0
EX_cu2_e,0,0,0,0
EX_cyan_e,1,1,0,0
EX_cys__L_e,3,1,0,1
EX_cytd_e,9,3,0,0
EX_d23hb_e,7,0,0,0
EX_dachi_e,16,2,0,0
EX_dad_2_e,10,5,0,0
EX_dca_e,10,0,0,0
EX_dcyt_e,9,3,0,0
EX_ddca_e,12,0,0,0
EX_dextrin_e,12,0,0,0
EX_dgmp_e,10,5,1,0
EX_dgsn_e,10,5,0,0
EX_dha_e,3,0,0,0
EX_dhptd_e,5,0,0,0
EX_diact_e,4,0,0,0
EX_dimp_e,10,4,1,0
EX_din_e,10,4,0,0
EX_dms_e,2,0,0,1
EX_dmso2_e,2,0,0,1
EX_dmso_e,2,0,0,1
EX_doxrbcn_e,27,1,0,0
EX_drib_e,5,0,0,0
EX_dtmp_e,10,2,1,0
EX_dump_e,9,2,1,0
EX_duri_e,9,2,0,0
EX_dxyl_e,5,0,0,0
EX_dxylnt_e,5,0,0,0
EX_enter_e,30,3,0,0
EX_etha_e,2,1,0,0
EX_eths_e,2,0,0,1
EX_ethso3_e,2,0,0,1
EX_etoh_e,2,0,0,0
EX_fad_e,27,9,2,0
EX_fald_e,1,0,0,0
EX_fcmcbtt_e,33,5,0,0
EX_fe2_e,0,0,0,0
EX_fe3_e,0,0,0,0
EX_fe3dcit_e,12,0,0,0
EX_fe3dhbzs3_e,30,3,0,0
EX_fe3hox_e,9,3,0,0
EX_fe3hox_un_e,9,3,0,0
EX_fe3mcbtt_e,47,5,0,0
EX_fe3pyovd_kt_e,27,10,0,0
EX_feenter_e,30,3,0,0
EX_feoxam_e,25,6,0,0
EX_feoxam_un_e,25,6,0,0
EX_fmn_e,17,4,1,0
EX_fol_e,19,7,0,0
EX_for_e,1,0,0,0
EX_forglu_e,6,2,0,0
EX_fru_e,6,0,0,0
EX_frulys_e,12,2,0,0
EX_fruur_e,6,0,0,0
EX_fuc__L_e,6,0,0,0
EX_fuc_e,6,0,0,0
EX_fum_e,4,0,0,0
EX_fusa_e,31,0,0,0
EX_g3pc_e,8,1,1,0
EX_g3pe_e,5,1,1,0
EX_g3pg_e,6,0,1,0
EX_g3pi_e,9,0,1,0
EX_g3ps_e,6,1,1,0
EX_gal_bD_e,6,0,0,0
EX_gal_e,6,0,0,0
EX_galct__D_e,6,0,0,0
EX_galman4_e,24,0,0,0
EX_galman6_e,36,0,0,0
EX_galt_e,6,0,0,0
EX_galur_e,6,0,0,0
EX_gam_e,6,1,0,0
EX_gcald_e,2,0,0,0
EX_glc__D_e,6,0,0,0
EX_glc__aD_e,6,0,0,0
EX_glcman4_e,24,0,0,0
EX_glcman6_e,36,0,0,0
EX_glcn__D_e,6,0,0,0
EX_glcn_e,6,0,0,0
EX_glcr_e,6,0,0,0
EX_glcur_e,6,0,0,0
EX_gln__L_e,5,2,0,0
EX_glu__L_e,5,1,0,0
EX_glucan4_e,24,0,0,0
EX_glucan6_e,36,0,0,0
EX_glx_e,2,0,0,0
EX_gly_asn__L_e,6,3,0,0
EX_gly_asp__L_e,6,2,0,0
EX_gly_cys_e,5,2,0,1
EX_gly_e,2,1,0,0
EX_gly_gln_e,7,3,0,0
EX_gly_glu__L_e,7,2,0,0
EX_gly_leu_e,8,2,0,0
EX_gly_met_e,7,2,0,1
EX_gly_phe_e,11,2,0,0
EX_gly_pro__L_e,7,2,0,0
EX_gly_tyr_e,11,2,0,0
EX_glyald_e,3,0,0,0
EX_glyb_e,5,1,0,0
EX_glyc2p_e,3,0,1,0
EX_glyc3p_e,3,0,1,0
EX_glyc_e,3,0,0,0
EX_glyclt_e,2,0,0,0
EX_glyglygln_e,9,4,0,0
EX_gmp_e,10,5,1,0
EX_gthox_e,20,6,0,2
EX_gthrd_e,10,3,0,1
EX_gua_e,5,5,0,0
EX_h2_e,0,0,0,0
EX_h2o2_e,0,0,0,0
EX_h2o_e,0,0,0,0
EX_h2s_e,0,0,0,1
EX_h_e,0,0,0,0
EX_ham_e,0,1,0,0
EX_hdca_e,16,0,0,0
EX_hdcea_e,16,0,0,0
EX_hg2_e,0,0,0,0
EX_his__L_e,6,3,0,0
EX_hom__L_e,4,1,0,0
EX_hqn_e,6,0,0,0
EX_hxa_e,6,0,0,0
EX_hxan_e,5,4,0,0
EX_ibtol_e,5,0,0,0
EX_icit_e,6,0,0,0
EX_ile__L_e,6,1,0,0
EX_indole_e,8,1,0,0
EX_inost_e,6,0,0,0
EX_ins_e,10,4,0,0
EX_isetac_e,2,0,0,1
EX_isobuta_e,4,0,0,0
EX_isocap_e,6,0,0,0
EX_istfrnA_e,17,2,0,0
EX_istfrnB_e,19,2,0,0
EX_ival_e,3,0,0,0
EX_k_e,0,0,0,0
EX_lac__D_e,3,0,0,0
EX_lac__L_e,3,0,0,0
EX_lcts_e,12,0,0,0
EX_leu__L_e,6,1,0,0
EX_lipoate_e,8,0,0,2
EX_lmn2_e,12,0,0,0
EX_lys__L_e,6,2,0,0
EX_lysglugly_e,13,4,0,0
EX_lyx__L_e,5,0,0,0
EX_m_xyl_e,8,0,0,0
EX_madg_e,7,0,0,0
EX_mal__D_e,4,0,0,0
EX_mal__L_e,4,0,0,0
EX_malt_e,12,0,0,0
EX_malthp_e,42,0,0,0
EX_malthx_e,36,0,0,0
EX_malttr_e,18,0,0,0
EX_maltttr_e,24,0,0,0
EX_man1p_e,6,0,1,0
EX_man6p_e,6,0,1,0
EX_man6pglyc_e,9,0,1,0
EX_man_e,6,0,0,0
EX_manb_e,12,0,0,0
EX_manglyc_e,9,0,0,0
EX_mantr_e,18,0,0,0
EX_manttr_e,24,0,0,0
EX_mbdg_e,7,0,0,0
EX_mcbtt_e,47,5,0,0
EX_melib_e,12,0,0,0
EX_meoh_e,1,0,0,0
EX_met_L_ala__L_e,8,2,0,1
EX_met__D_e,5,1,0,1
EX_met__L_e,5,1,0,1
EX_metglcur_e,7,0,0,0
EX_metox__R_e,5,1,0,1
EX_metox_e,5,1,0,1
EX_metsox_R__L_e,5,1,0,1
EX_metsox_S__L_e,5,1,0,1
EX_mg2_e,0,0,0,0
EX_mmet_e,6,1,0,1
EX_mn2_e,0,0,0,0
EX_mnl1p_e,6,0,1,0
EX_mnl_e,6,0,0,0
EX_mobd_e,0,0,0,0
EX_mso3_e,1,0,0,1
EX_mththf_e,5,0,0,0
EX_n2_e,0,2,0,0
EX_n2o_e,0,2,0,0
EX_na1_e,0,0,0,0
EX_nac_e,6,1,0,0
EX_ncam_e,6,2,0,0
EX_nh4_e,0,1,0,0
EX_ni2_e,0,0,0,0
EX_nmn_e,11,2,1,0
EX_no2_e,0,1,0,0
EX_no3_e,0,1,0,0
EX_no_e,0,1,0,0
EX_novbcn_e,31,2,0,0
EX_o2_e,0,0,0,0
EX_ocdca_e,18,0,0,0
EX_ocdcea_e,18,0,0,0
EX_octa_e,8,0,0,0
EX_orn__L_e,5,2,0,0
EX_orn_e,5,2,0,0
EX_oxa_e,2,0,0,0
EX_p_xyl_e,8,0,0,0
EX_pac_e,8,0,0,0
EX_pacald_e,8,0,0,0
EX_pea_e,8,0,0,0
EX_peamn_e,8,1,0,0
EX_pep_e,3,0,1,0
EX_phe__L_e,9,1,0,0
EX_phehpa_e,13,0,0,0
EX_pheme_e,34,4,0,0
EX_pheocta_e,14,0,0,0
EX_pi_e,0,0,1,0
EX_pime_e,7,0,0,0
EX_pnto__R_e,9,1,0,0
EX_ppa_e,3,0,0,0
EX_ppap_e,3,0,1,0
EX_ppat_e,0,0,1,0
EX_ppi_e,0,0,2,0
EX_ppoh_e,3,0,0,0
EX_pro__L_e,5,1,0,0
EX_progly_e,7,2,0,0
EX_prohisglu_e,16,5,0,0
EX_psclys_e,12,2,0,0
EX_pser__L_e,3,1,1,0
EX_pta_e,5,0,0,0
EX_ptrc_e,4,2,0,0
EX_pydam_e,8,2,0,0
EX_pydxn_e,8,1,0,0
EX_pyovd_kt_e,27,10,0,0
EX_pyr_e,3,0,0,0
EX_quin_e,7,0,0,0
EX_r5p_e,5,0,1,0
EX_raffin_e,18,0,0,0
EX_rib__D_e,5,0,0,0
EX_ribflv_e,17,4,0,0
EX_rmn_e,6,0,0,0
EX_rnam_e,11,2,0,0
EX_s_e,0,0,0,1
EX_salc_e,7,0,0,0
EX_salchs2_e,42,3,0,0
EX_salchs2fe_e,42,3,0,0
EX_salchs4_e,42,3,0,0
EX_salchs4fe_e,42,3,0,0
EX_salchsx_e,16,1,0,0
EX_salcn_e,13,0,0,0
EX_sbt__D_e,6,0,0,0
EX_sel_e,0,0,0,0
EX_ser__D_e,3,1,0,0
EX_ser__L_e,3,1,0,0
EX_serglugly_e,10,3,0,0
EX_sheme_e,42,4,0,0
EX_skm_e,7,0,0,0
EX_slnt_e,0,0,0,0
EX_so3_e,0,0,0,1
EX_so4_e,0,0,0,1
EX_spmd_e,7,3,0,0
EX_srb__L_e,6,0,0,0
EX_stfrnA_e,17,2,0,0
EX_stfrnB_e,19,2,0,0
EX_succ_e,4,0,0,0
EX_sucr_e,12,0,0,0
EX_sulfac_e,2,0,0,1
EX_tag__D_e,6,0,0,0
EX_tagur_e,6,0,0,0
EX_tartr__D_e,4,0,0,0
EX_tartr__L_e,4,0,0,0
EX_taur_e,2,1,0,1
EX_tcynt_e,1,1,0,1
EX_tet_e,0,0,0,4
EX_tgt_e,6,0,0,0
EX_thm_e,12,4,0,1
EX_thr__L_e,4,1,0,0
EX_thym_e,5,2,0,0
EX_thymd_e,10,2,0,0
EX_tmam_e,3,1,0,0
EX_tnt_e,0,1,0,0
EX_tol_e,7,0,0,0
EX_tre6p_e,12,0,1,0
EX_tre_e,12,0,0,0
EX_trp__L_e,11,2,0,0
EX_tsul_e,0,0,0,2
EX_ttdca_e,14,0,0,0
EX_ttdcea_e,14,0,0,0
EX_tton_e,0,0,0,3
EX_ttrcyc_e,22,2,0,0
EX_tyr__L_e,9,1,0,0
EX_uaccg_e,20,3,2,0
EX_udcpdp_e,55,0,2,0
EX_udcpp_e,55,0,1,0
EX_ura_e,4,2,0,0
EX_urate_e,5,4,0,0
EX_urea_e,1,2,0,0
EX_uri_e,9,2,0,0
EX_val__L_e,5,1,0,0
EX_xan_e,5,4,0,0
EX_xmp_e,10,4,1,0
EX_xtsn_e,10,4,0,0
EX_xyl3_e,15,0,0,0
EX_xyl__D_e,5,0,0,0
EX_xylan4_e,26,0,0,0
EX_xylan8_e,52,0,0,0
EX_xylb_e,10,0,0,0
EX_zn2_e,0,0,0,0
